month,rated,casual,casual_share_pct,rated_accounts,casual_accounts
2023-11,30789,37961,55.2,1471,2913
2023-12,32797,41787,56.0,1675,3230
2024-01,33894,45377,57.2,1722,3201
2024-02,30512,39625,56.5,1547,2921
2024-03,30691,36860,54.6,1634,3122
2024-04,32366,37772,53.9,1531,3170
2024-05,28243,41035,59.2,1574,3230
2024-06,27907,36696,56.8,1590,3339
2024-07,23790,37126,60.9,1480,2865
2024-08,26523,40086,60.2,1536,3354
2024-09,24564,40973,62.5,1442,3650
2024-10,28076,43377,60.7,1696,3969
2024-11,27576,56331,67.1,1870,5564
2024-12,33373,70247,67.8,2334,8372
2025-01,38540,72644,65.3,2662,9630
2025-02,32924,76833,70.0,2476,9697
2025-03,34668,90658,72.3,2771,11441
2025-04,35497,88045,71.3,2576,10809
2025-05,41839,87068,67.5,2742,10542
2025-06,45212,86642,65.7,2839,10351
2025-07,44253,94206,68.0,2882,10622
2025-08,36975,88007,70.4,3001,10749
2025-09,40373,51717,56.2,4900,5531
2025-10,34230,41113,54.6,5983,5335
2025-11,42285,48117,53.2,6676,5790
2025-12,46219,51522,52.7,7477,6081
2026-01,37901,36904,49.3,6526,5529
2026-02,39859,37835,48.7,6476,5473
2026-03,49409,43919,47.1,6699,4895
2026-04,57231,54656,48.8,7877,5071
2026-05,70936,75823,51.7,9169,5570
2026-06,67643,52004,43.5,8310,5104
2026-07,58820,49317,45.6,7105,4915
2026-08,62377,53754,46.3,6379,4594
2026-09,61131,114233,65.1,5923,4446
